{
    "c": 0.13653846153846153,
    "А": 0.1,
    "Х": 0.08846153846153847,
    "8": 0.07115384615384615,
    "М": 0.06923076923076923,
    "r": 0.057692307692307696,
    "Л": 0.05384615384615385,
    "О": 0.04423076923076923,
    "2": 0.04038461538461539,
    "b": 0.03653846153846154,
    "К": 0.032692307692307694,
    "Е": 0.03076923076923077,
    "Д": 0.026923076923076925,
    "Б": 0.025,
    "Р": 0.025,
    "\n": 0.021153846153846155,
    "7": 0.019230769230769232,
    "4": 0.01730769230769231,
    "t": 0.015384615384615385,
    "<": 0.015384615384615385,
    "1": 0.013461538461538462,
    "Ф": 0.013461538461538462,
    "У": 0.009615384615384616,
    "5": 0.0057692307692307696,
    ">": 0.0057692307692307696,
    "Ч": 0.0038461538461538464,
    "?": 0.0038461538461538464,
    "И": 0.0038461538461538464,
    "П": 0.0038461538461538464,
    "a": 0.0038461538461538464,
    "Й": 0.0019230769230769232,
    "Ь": 0.0019230769230769232,
    "Ы": 0.0019230769230769232
}