{
    "М": 0.12347354138398914,
    "Е": 0.09362279511533243,
    "У": 0.0773405698778833,
    "4": 0.07191316146540028,
    ">": 0.06512890094979647,
    "Д": 0.06377204884667571,
    "И": 0.06105834464043419,
    "Й": 0.048846675712347354,
    "О": 0.04341926729986431,
    "Р": 0.0407055630936228,
    "t": 0.0407055630936228,
    "1": 0.031207598371777476,
    "r": 0.027137042062415198,
    "Л": 0.025780189959294438,
    "Х": 0.025780189959294438,
    "2": 0.024423337856173677,
    "\n": 0.021709633649932156,
    "8": 0.018995929443690638,
    "А": 0.013568521031207599,
    "Ч": 0.010854816824966078,
    "<": 0.009497964721845319,
    "Щ": 0.009497964721845319,
    " ": 0.008141112618724558,
    "Ф": 0.0067842605156037995,
    "Ъ": 0.0067842605156037995,
    "К": 0.0067842605156037995,
    "7": 0.005427408412483039,
    "П": 0.005427408412483039,
    "Ш": 0.005427408412483039,
    "5": 0.0027137042062415195,
    "Ь": 0.0027137042062415195,
    "Ы": 0.0013568521031207597
}