{
    ">": 0.12576687116564417,
    "Р": 0.046012269938650305,
    "r": 0.05368098159509203,
    "О": 0.05674846625766871,
    "Х": 0.027607361963190184,
    "2": 0.12269938650306748,
    "Д": 0.02607361963190184,
    "Е": 0.032208588957055216,
    "А": 0.07208588957055215,
    "7": 0.06134969325153374,
    "1": 0.05368098159509203,
    "a": 0.07822085889570553,
    "9": 0.024539877300613498,
    "Ф": 0.0352760736196319,
    " ": 0.019938650306748466,
    "\n": 0.02147239263803681,
    "М": 0.006134969325153374,
    "У": 0.023006134969325152,
    "b": 0.012269938650306749,
    "3": 0.013803680981595092,
    "0": 0.010736196319018405,
    "8": 0.007668711656441718,
    "t": 0.012269938650306749,
    "Л": 0.004601226993865031,
    "c": 0.004601226993865031,
    "<": 0.012269938650306749,
    "Ы": 0.007668711656441718,
    "Я": 0.007668711656441718,
    "Й": 0.006134969325153374,
    "Б": 0.004601226993865031,
    "Ь": 0.004601226993865031,
    "К": 0.003067484662576687,
    "И": 0.0015337423312883436
}