{"Х": 0.13623188405797101, "Ь": 0.10434782608695652, "Б": 0.09855072463768116, "Ч": 0.06956521739130435, "t": 0.06811594202898551, "1": 0.06666666666666667, "А": 0.05652173913043478, "Ы": 0.0536231884057971, "<": 0.030434782608695653, "Д": 0.028985507246376812, "Щ": 0.02318840579710145, "Ъ": 0.021739130434782608, "Я": 0.020289855072463767, "Ф": 0.020289855072463767, "И": 0.020289855072463767, ">": 0.01884057971014493, "5": 0.017391304347826087, "7": 0.017391304347826087, "К": 0.017391304347826087, "2": 0.015942028985507246, "Е": 0.014492753623188406, "r": 0.014492753623188406, "Л": 0.013043478260869565, "Й": 0.011594202898550725, "О": 0.011594202898550725, "М": 0.010144927536231883, "Ш": 0.008695652173913044, "8": 0.004347826086956522, "4": 0.002898550724637681, "У": 0.0014492753623188406, "9": 0.0014492753623188406}