{"Х": 0.13627992633517497, "Е": 0.08103130755064457, "Д": 0.07550644567219153, "Ч": 0.06629834254143646, " ": 0.06629834254143646, "Ы": 0.0570902394106814, "t": 0.04788213627992634, "Й": 0.04788213627992634, "1": 0.040515653775322284, "2": 0.034990791896869246, "7": 0.03130755064456722, "Б": 0.027624309392265192, "И": 0.027624309392265192, "Я": 0.027624309392265192, "Щ": 0.02578268876611418, ">": 0.02394106813996317, "r": 0.020257826887661142, "Ф": 0.016574585635359115, "w": 0.016574585635359115, "К": 0.016574585635359115, "Ъ": 0.014732965009208104, "Ь": 0.01289134438305709, "Л": 0.011049723756906077, "М": 0.011049723756906077, "У": 0.009208103130755065, "О": 0.007366482504604052, "4": 0.007366482504604052, "5": 0.0055248618784530384, "П": 0.0055248618784530384, "А": 0.003683241252302026, "8": 0.001841620626151013}