{
 "Я": 0.13225058004640372,
 "Д": 0.08352668213457076,
 " ": 0.08120649651972157,
 "4": 0.0765661252900232,
 "t": 0.06960556844547564,
 "М": 0.06728538283062645,
 "О": 0.05104408352668213,
 "Р": 0.05104408352668213,
 "П": 0.03480278422273782,
 "Б": 0.03248259860788863,
 "К": 0.027842227378190254,
 "Л": 0.027842227378190254,
 "5": 0.027842227378190254,
 "2": 0.025522041763341066,
 "Ь": 0.02088167053364269,
 "Ъ": 0.018561484918793503,
 "Щ": 0.018561484918793503,
 "У": 0.018561484918793503,
 "Й": 0.016241299303944315,
 "r": 0.013921113689095127,
 "Х": 0.013921113689095127,
 "Т": 0.013921113689095127,
 ">": 0.013921113689095127,
 "Е": 0.01160092807424594,
 "И": 0.009280742459396751,
 "1": 0.009280742459396751,
 "Ы": 0.009280742459396751,
 "А": 0.009280742459396751,
 "Ц": 0.004640371229698376,
 "Ч": 0.002320185614849188,
 "w": 0.002320185614849188,
 "Ф": 0.002320185614849188,
 "?": 0.002320185614849188
}