{">": 0.1259600614439324,  "2": 0.1228878648233487, "a": 0.07834101382488479, "\u0410": 0.07219662058371736, "7": 0.06144393241167435, "\u041e": 0.05683563748079877, "r": 0.053763440860215055, "1": 0.053763440860215055, "\u0420": 0.04608294930875576, "\u0424": 0.03533026113671275, "\u0415": 0.03225806451612903, "\u0425": 0.027649769585253458, "\u0414": 0.026113671274961597, "9": 0.02457757296466974, "\u0423": 0.02304147465437788, " ": 0.019969278033794162, "\n": 0.019969278033794162, "3": 0.013824884792626729, "b": 0.01228878648233487, "t": 0.01228878648233487, "<": 0.01228878648233487, "0": 0.010752688172043012, "8": 0.007680491551459293, "\u042b": 0.007680491551459293, "\u042f": 0.007680491551459293, "\u041c": 0.006144393241167435, "\u0419": 0.006144393241167435, "\u041b": 0.004608294930875576, "c": 0.004608294930875576, "\u0411": 0.004608294930875576, "\u042c": 0.004608294930875576, "\u041a": 0.0030721966205837174, "\u0418": 0.0015360983102918587}