{"\u041c": 0.1276595744680851, ">": 0.0851063829787234, "\u041e": 0.08274231678486997, "\u0415": 0.07801418439716312, "1": 0.07328605200945626, "r": 0.07092198581560284, "\u0425": 0.061465721040189124, "4": 0.05200945626477541, "a": 0.03546099290780142, "\u0414": 0.03546099290780142, "c": 0.028368794326241134, "2": 0.026004728132387706, "\u0423": 0.02364066193853428, "8": 0.02364066193853428, "\n": 0.02127659574468085, "\u0424": 0.02127659574468085, "\u041b": 0.018912529550827423, "\u041f": 0.016548463356973995, "7": 0.014184397163120567, "\u0410": 0.014184397163120567, "t": 0.01182033096926714, "\u0420": 0.01182033096926714, "\u0419": 0.009456264775413711, "5": 0.009456264775413711, "\u0418": 0.009456264775413711, "b": 0.0070921985815602835, "\u041a": 0.0070921985815602835, "<": 0.0070921985815602835, "\u042c": 0.004728132387706856, "\u0411": 0.004728132387706856, "\u042b": 0.002364066193853428, " ": 0.002364066193853428, "\u0427": 0.002364066193853428}