{
    "м": 0.1276595744680851,
    ">": 0.0851063829787234,
    "о": 0.08274231678486997,
    "е": 0.07801418439716312,
    "1": 0.07328605200945626,
    "r": 0.07092198581560284,
    "х": 0.061465721040189124,
    "4": 0.05200945626477541,
    "a": 0.03546099290780142,
    "д": 0.03546099290780142,
    "c": 0.028368794326241134,
    "2": 0.026004728132387706,
    "у": 0.02364066193853428,
    " ": 0.02364066193853428,
    "8": 0.02364066193853428,
    "ф": 0.02127659574468085,
    "л": 0.018912529550827423,
    "п": 0.016548463356973995,
    "7": 0.014184397163120567,
    "а": 0.014184397163120567,
    "t": 0.01182033096926714,
    "р": 0.01182033096926714,
    "й": 0.009456264775413711,
    "5": 0.009456264775413711,
    "и": 0.009456264775413711,
    "b": 0.0070921985815602835,
    "к": 0.0070921985815602835,
    "<": 0.0070921985815602835,
    "ь": 0.004728132387706856,
    "б": 0.004728132387706856,
    "ы": 0.002364066193853428,
    "ч": 0.002364066193853428
}