{
 "2": 0.12042682926829268,
 "К": 0.09298780487804878,
 "Ь": 0.09146341463414634,
 "t": 0.0701219512195122,
 "Ы": 0.0625,
 "r": 0.06097560975609756,
 "Д": 0.06097560975609756,
 ">": 0.054878048780487805,
 "О": 0.053353658536585365,
 "<": 0.039634146341463415,
 "Б": 0.027439024390243903,
 "Й": 0.025914634146341462,
 "Я": 0.024390243902439025,
 "1": 0.024390243902439025,
 "Ч": 0.021341463414634148,
 "\n": 0.021341463414634148,
 " ": 0.019817073170731708,
 "М": 0.018292682926829267,
 "0": 0.018292682926829267,
 "Х": 0.010670731707317074,
 "А": 0.010670731707317074,
 "a": 0.010670731707317074,
 "Л": 0.009146341463414634,
 "8": 0.007621951219512195,
 "Е": 0.007621951219512195,
 "c": 0.007621951219512195,
 "3": 0.006097560975609756,
 ",": 0.006097560975609756,
 ".": 0.004573170731707317,
 "b": 0.004573170731707317,
 "9": 0.003048780487804878,
 "Ф": 0.001524390243902439,
 "?": 0.001524390243902439
}