{
    "Х": 12.824010914051842,
    "Ь": 9.822646657571624,
    "Б": 9.27694406548431,
    "Ч": 6.548431105047749,
    "t": 6.412005457025921,
    "1": 6.139154160982264,
    "А": 5.320600272851296,
    "Ы": 5.0477489768076405,
    " ": 4.092769440654844,
    "<": 2.8649386084583903,
    "Д": 2.728512960436562,
    "Щ": 2.1828103683492497,
    "Ъ": 2.046384720327422,
    "\n": 2.046384720327422,
    "Я": 1.9099590723055935,
    "Ф": 1.9099590723055935,
    "И": 1.9099590723055935,
    ">": 1.7735334242837655,
    "5": 1.6371077762619373,
    "7": 1.6371077762619373,
    "К": 1.6371077762619373,
    "2": 1.5006821282401093,
    "Е": 1.364256480218281,
    "r": 1.364256480218281,
    "Л": 1.227830832196453,
    "Й": 1.0914051841746248,
    "О": 1.0914051841746248,
    "М": 0.9549795361527967,
    "Ш": 0.8185538881309686,
    "8": 0.4092769440654843,
    "4": 0.2728512960436562,
    "У": 0.1364256480218281
}