{
 "Х": 0.13001383125864455,
 "Ь": 0.0995850622406639,
 "Б": 0.09405255878284924,
 "Ч": 0.06639004149377593,
 "t": 0.06500691562932227,
 "1": 0.06224066390041494,
 "А": 0.05394190871369295,
 "Ы": 0.051175656984785614,
 " ": 0.04564315352697095,
 "<": 0.029045643153526972,
 "Д": 0.027662517289073305,
 "Щ": 0.022130013831258646,
 "Ъ": 0.02074688796680498,
 "Я": 0.019363762102351315,
 "Ф": 0.019363762102351315,
 "И": 0.019363762102351315,
 ">": 0.017980636237897647,
 "5": 0.016597510373443983,
 "7": 0.016597510373443983,
 "К": 0.016597510373443983,
 "2": 0.015214384508990318,
 "Е": 0.013831258644536652,
 "r": 0.013831258644536652,
 "Л": 0.012448132780082987,
 "Й": 0.011065006915629323,
 "О": 0.011065006915629323,
 "М": 0.009681881051175657,
 "Ш": 0.008298755186721992,
 "8": 0.004149377593360996,
 "4": 0.0027662517289073307,
 "У": 0.0013831258644536654,
 "\n": 0.0013831258644536654
}