{
    "c": 0.138671875,
    "А": 0.1015625,
    "Х": 0.08984375,
    "8": 0.072265625,
    "М": 0.0703125,
    "r": 0.05859375,
    "Л": 0.0546875,
    "О": 0.044921875,
    "2": 0.041015625,
    "b": 0.037109375,
    "К": 0.033203125,
    "Е": 0.03125,
    "Д": 0.02734375,
    "Б": 0.025390625,
    "Р": 0.025390625,
    "7": 0.01953125,
    "4": 0.017578125,
    "t": 0.015625,
    "<": 0.015625,
    "1": 0.013671875,
    "Ф": 0.013671875,
    "У": 0.009765625,
    "5": 0.005859375,
    " ": 0.005859375,
    ">": 0.005859375,
    "Ч": 0.00390625,
    "?": 0.00390625,
    "И": 0.00390625,
    "П": 0.00390625,
    "a": 0.00390625,
    "Й": 0.001953125,
    "Ь": 0.001953125,
    "Ы": 0.001953125
}