{
  "cpp": {
    "FrequencyBitTest": 0.44797677876325237,
    "IdenticalConsecutiveBits": 0.6736567559885249,
    "LongestSequenceOnes": 0.6175435519760893,
    "Bits": "10011100100011110110100000010100110000011011100100010000000100001100001011110011110100110101100100000000110010000010000010110110"
  },
  "java": {
    "FrequencyBitTest": 0.844159335893983,
    "IdenticalConsecutiveBits": 0.7100218523030833,
    "LongestSequenceOnes": 0.8045556281655727,
    "Bits": "10011111001000110110000111010101110111111100111100010100111000001010100000110010001001001100011010110110010000111000001000111011"
  }
}