{"М": 0.124317, 
"Е": 0.094262, 
"У": 0.077869, 
"4": 0.072404, 
">": 0.065574, 
"Д": 0.064208, 
"И": 0.061475, 
"Й": 0.04918, 
"О": 0.043716, 
"t": 0.040984, 
"Р": 0.040984, 
"1": 0.031421, 
"r": 0.027322, 
"Х": 0.025956, 
"Л": 0.025956, 
"2": 0.02459, 
" ": 0.019126, 
"8": 0.019126, 
"А": 0.013661, 
"Ч": 0.010929, 
"<": 0.009563, 
"Щ": 0.009563, 
"К": 0.006831, 
"Ъ": 0.006831, 
"Ф": 0.006831, 
"7": 0.005464, 
"Ш": 0.005464, 
"П": 0.005464, 
"-": 0.002732, 
"Ь": 0.002732, 
"5": 0.002732, 
"\n": 0.001366,
"Ы": 0.001366}
