{"К": 0.016483516483516484,
  "w": 0.016483516483516484,
  "Ч": 0.06593406593406594,
  "5": 0.005494505494505495,
  "Д": 0.07509157509157509,
  ">": 0.023809523809523808,
  "Ы": 0.056776556776556776,
  "Х": 0.13553113553113552,
  "1": 0.040293040293040296,
  "Ъ": 0.014652014652014652,
  "Е": 0.08058608058608059,
  "t": 0.047619047619047616,
  " ": 0.0695970695970696,
  "Й": 0.047619047619047616,
  "2": 0.0347985347985348,
  "И": 0.027472527472527472,
  "Ь": 0.01282051282051282,
  "Ф": 0.016483516483516484,
  "Б": 0.027472527472527472,
  "П": 0.005494505494505495,
  "\n": 0.023809523809523808,
  "Щ": 0.02564102564102564,
  "r": 0.020146520146520148,
  "Я": 0.027472527472527472,
  "У": 0.009157509157509158,
  "7": 0.031135531135531136,
  "8": 0.0018315018315018315,
  "Л": 0.01098901098901099,
  "М": 0.01098901098901099,
  "4": 0.007326007326007326,
  "О": 0.007326007326007326,
  "А": 0.003663003663003663}