{
  "-": 0.10310421286031042,
  "e": 0.08314855875831485,
  "0": 0.082039911308204,
  "2": 0.082039911308204,
  "6": 0.06541019955654102,
  "n": 0.06097560975609756,
  "i": 0.06097560975609756,
  "w": 0.05543237250554324,
  "m": 0.041019955654102,
  "8": 0.036585365853658534,
  "q": 0.03547671840354767,
  "r": 0.031042128603104215,
  "5": 0.02993348115299335,
  "\\": 0.025498891352549888,
  "3": 0.022172949002217297,
  "/": 0.02106430155210643,
  ";": 0.019955654101995565,
  "`": 0.017738359201773836,
  "7": 0.015521064301552107,
  "s": 0.015521064301552107,
  "\n": 0.014412416851441241,
  "t": 0.014412416851441241,
  "1": 0.012195121951219513,
  "k": 0.009977827050997782,
  "z": 0.008869179600886918,
  "o": 0.008869179600886918,
  "c": 0.007760532150776054,
  "p": 0.005543237250554324,
  "d": 0.0033259423503325942,
  "f": 0.0033259423503325942,
  "9": 0.0033259423503325942,
  "x": 0.0011086474501108647,
  "?": 0.0011086474501108647,
  "4": 0.0011086474501108647
}
