{"\u0418": 0.06089309878213803, "7": 0.005412719891745603, "\u0423": 0.07713125845737483, "2": 0.02435723951285521, "4": 0.07171853856562922, ">": 0.06495263870094722, " ": 0.006765899864682003, "\u041c": 0.12313937753721245, "\u0420": 0.04059539918809202, "\u0414": 0.06359945872801083, "\u0415": 0.09336941813261164, "\u041f": 0.005412719891745603, "\u0427": 0.010825439783491205, "\u0419": 0.04871447902571042, "8": 0.018944519621109608, "\n": 0.023004059539918808, "\u041e": 0.04330175913396482, "\u0410": 0.013531799729364006, "\u041b": 0.02571041948579161, "r": 0.02706359945872801, "t": 0.04059539918809202, "\u0425": 0.02571041948579161, "\u0428": 0.005412719891745603, "\u0424": 0.006765899864682003, "1": 0.03112313937753721, "<": 0.009472259810554804, "\u042a": 0.006765899864682003, "-": 0.0027063599458728013, "\u041a": 0.006765899864682003, "\u042b": 0.0013531799729364006, "5": 0.0027063599458728013, "\u0429": 0.009472259810554804, "\u042c": 0.0027063599458728013}