{
 "М": 0.12761020881670534,
 " ": 0.10440835266821345,
 "О": 0.08352668213457076,
 "Е": 0.07888631090487239,
 "R": 0.07424593967517401,
 "1": 0.07192575406032482,
 "Х": 0.06264501160092807,
 "4": 0.05336426914153132,
 "A": 0.03480278422273782,
 "Д": 0.03480278422273782,
 "C": 0.027842227378190254,
 "2": 0.025522041763341066,
 "У": 0.02320185614849188,
 "8": 0.02320185614849188,
 "Л": 0.02088167053364269,
 "Ф": 0.02088167053364269,
 "П": 0.018561484918793503,
 "7": 0.013921113689095127,
 "А": 0.013921113689095127,
 "T": 0.01160092807424594,
 "Р": 0.01160092807424594,
 "Й": 0.009280742459396751,
 "5": 0.009280742459396751,
 "И": 0.009280742459396751,
 "B": 0.0069605568445475635,
 "К": 0.0069605568445475635,
 "Ь": 0.004640371229698376,
 "Б": 0.004640371229698376,
 "Ч": 0.004640371229698376,
 ">": 0.004640371229698376,
 "Ы": 0.002320185614849188
}