{
 "2": 0.1202435312024353,
 "К": 0.0928462709284627,
 "Ь": 0.091324200913242,
 "t": 0.0700152207001522,
 "Ы": 0.0624048706240487,
 "r": 0.060882800608828,
 "Д": 0.060882800608828,
 ">": 0.0547945205479452,
 "О": 0.0532724505327245,
 "<": 0.0395738203957382,
 "Б": 0.0273972602739726,
 "Й": 0.0258751902587519,
 "Я": 0.0243531202435312,
 "1": 0.0243531202435312,
 "\n": 0.0228310502283105,
 "Ч": 0.0213089802130898,
 " ": 0.0197869101978691,
 "М": 0.0182648401826484,
 "0": 0.0182648401826484,
 "Х": 0.0106544901065449,
 "А": 0.0106544901065449,
 "a": 0.0106544901065449,
 "Л": 0.0091324200913242,
 "8": 0.0076103500761035,
 "Е": 0.0076103500761035,
 "c": 0.0076103500761035,
 "3": 0.0060882800608828,
 ",": 0.0060882800608828,
 ".": 0.0045662100456621,
 "b": 0.0045662100456621,
 "9": 0.0030441400304414,
 "Ф": 0.0015220700152207,
 "?": 0.0015220700152207
}