{
    ">": 0.12852664576802508,
    "2": 0.12539184952978055,
    "a": 0.07993730407523511,
    "А": 0.07210031347962383,
    "7": 0.06269592476489028,
    "О": 0.05799373040752351,
    "r": 0.054858934169279,
    "1": 0.054858934169279,
    "Р": 0.047021943573667714,
    "Ф": 0.03605015673981191,
    "Е": 0.032915360501567396,
    "Х": 0.02821316614420063,
    "Д": 0.02664576802507837,
    "9": 0.025078369905956112,
    "У": 0.023510971786833857,
    " ": 0.02037617554858934,
    "3": 0.014106583072100314,
    "b": 0.012539184952978056,
    "t": 0.012539184952978056,
    "<": 0.012539184952978056,
    "0": 0.0109717868338558,
    "8": 0.007836990595611285,
    "Ы": 0.007836990595611285,
    "Я": 0.007836990595611285,
    "М": 0.006269592476489028,
    "Й": 0.006269592476489028,
    "Л": 0.004702194357366771,
    "c": 0.004702194357366771,
    "Б": 0.004702194357366771,
    "Ь": 0.004702194357366771,
    "К": 0.003134796238244514,
    "И": 0.001567398119122257,
    "A": 0.001567398119122257
}